<?xml version="1.0" encoding="UTF-8"?>

<!DOCTYPE tiles-definitions PUBLIC "-//Apache Software Foundation//DTD Tiles Configuration 2.1//EN" "http://tiles.apache.org/dtds/tiles-config_2_1.dtd">

<tiles-definitions>

	<!--  
		<definition template="JSP 경로">에서 사용하는 JSP 페이지는 layout 폴더에서 관리한다.
	-->

	<!-- 레이아웃 페이지 정보 1개 -->
	<definition name="template" template="/WEB-INF/views/layout/template.jsp">
	
		<!-- 조각 페이지 등록!! -->
		<put-attribute name="menu" value="/WEB-INF/views/inc/submenu_member.jsp"></put-attribute>
		
		<put-attribute name="content" value="/WEB-INF/views/template.jsp"></put-attribute>
		
	</definition>
	
	
	<definition name="sub" template="/WEB-INF/views/layout/sub.jsp">
		<put-attribute name="menu" value="/WEB-INF/views/inc/submenu_member.jsp"></put-attribute>
		<put-attribute name="content" value="/WEB-INF/views/sub.jsp"></put-attribute>
	</definition>
	
	
	
	

</tiles-definitions>










